date,close
2020-01-02,30.5
2020-01-03,30.9
2020-01-06,31.24
2020-01-07,31.36
2020-01-08,31.12
2020-01-09,30.92
2020-01-10,31.14
2020-01-13,30.9
2020-01-14,30.86
2020-01-15,31.04
2020-01-16,31
2020-01-17,31.04
2020-01-21,31.1
2020-01-22,31.08
2020-01-23,31.18
2020-01-24,31.34
2020-01-27,31.56
2020-01-28,31.28
2020-01-29,31.44
2020-01-30,31.46
2020-01-31,31.66
2020-02-03,31.44
2020-02-04,31
2020-02-05,31.04
2020-02-06,31.22
2020-02-07,31.32
2020-02-10,31.4
2020-02-11,31.28
2020-02-12,31.24
2020-02-13,31.42
2020-02-14,31.58
2020-02-18,31.98
2020-02-19,32.16
2020-02-20,32.28
2020-02-21,32.8
2020-02-24,33.1
2020-02-25,32.52
2020-02-26,32.66
2020-02-27,32.64
2020-02-28,31.48
2020-03-02,31.62
2020-03-03,32.62
2020-03-04,32.66
2020-03-05,33.36
2020-03-06,33.38
2020-03-09,33.48
2020-03-10,32.76
2020-03-11,32.64
2020-03-12,31.32
2020-03-13,30.38
2020-03-16,30.08
2020-03-17,30.48
2020-03-18,29.82
2020-03-19,29.28
2020-03-20,29.72
2020-03-23,31
2020-03-24,32.5
2020-03-25,32.1
2020-03-26,32.56
2020-03-27,32.34
2020-03-30,32.38
2020-03-31,31.44
2020-04-01,31.68
2020-04-02,32.22
2020-04-03,32.42
2020-04-06,33.22
2020-04-07,33.14
2020-04-08,32.82
2020-04-09,33.58
2020-04-13,34.28
2020-04-14,34.48
2020-04-15,34.42
2020-04-16,34.3
2020-04-17,33.58
2020-04-20,33.84
2020-04-21,33.62
2020-04-22,34.24
2020-04-23,34.54
2020-04-24,34.5
2020-04-27,34.3
2020-04-28,34.1
2020-04-29,34.24
2020-04-30,33.68
2020-05-01,33.92
2020-05-04,33.98
2020-05-05,34.14
2020-05-06,33.72
2020-05-07,34.22
2020-05-08,34.04
2020-05-11,33.84
2020-05-12,33.94
2020-05-13,34.24
2020-05-14,34.56
2020-05-15,34.8
2020-05-18,34.54
2020-05-19,34.82
2020-05-20,34.9
2020-05-21,34.42
2020-05-22,34.62
2020-05-26,34.14
2020-05-27,34.16
2020-05-28,34.3
2020-05-29,34.54
2020-06-01,34.68
2020-06-02,34.48
2020-06-03,33.86
2020-06-04,34.22
2020-06-05,33.5
2020-06-08,33.84
2020-06-09,34.18
2020-06-10,34.68
2020-06-11,34.46
2020-06-12,34.52
2020-06-15,34.4
2020-06-16,34.4
2020-06-17,34.48
2020-06-18,34.4
2020-06-19,34.78
2020-06-22,35.02
2020-06-23,35.28
2020-06-24,35.22
2020-06-25,35.18
2020-06-26,35.3
2020-06-29,35.32
2020-06-30,35.52
2020-07-01,35.34
2020-07-02,35.42
2020-07-06,35.6
2020-07-07,35.84
2020-07-08,36.1
2020-07-09,35.98
2020-07-10,35.9
2020-07-13,35.9
2020-07-14,36.1
2020-07-15,36.12
2020-07-16,35.8
2020-07-17,36.08
2020-07-20,36.28
2020-07-21,36.7
2020-07-22,37.28
2020-07-23,37.58
2020-07-24,37.96
2020-07-27,38.66
2020-07-28,39
2020-07-29,39.3
2020-07-30,38.96
2020-07-31,39.38
2020-08-03,39.4
2020-08-04,40.22
2020-08-05,40.62
2020-08-06,41.14
2020-08-07,40.46
2020-08-10,40.34
2020-08-11,38.2
2020-08-12,38.04
2020-08-13,38.92
2020-08-14,38.74
2020-08-17,39.56
2020-08-18,39.94
2020-08-19,38.68
2020-08-20,38.92
2020-08-21,38.62
2020-08-24,38.38
2020-08-25,38.42
2020-08-26,38.92
2020-08-27,38.44
2020-08-28,39.12
2020-08-31,39.22
2020-09-01,39.26
2020-09-02,38.72
2020-09-03,38.46
2020-09-04,38.56
2020-09-08,38.48
2020-09-09,38.82
2020-09-10,38.7
2020-09-11,38.68
2020-09-14,39
2020-09-15,38.9
2020-09-16,39.02
2020-09-17,38.8
2020-09-18,38.84
2020-09-21,38.1
2020-09-22,37.9
2020-09-23,37.08
2020-09-24,37.24
2020-09-25,37.12
2020-09-28,37.5
2020-09-29,37.82
2020-09-30,37.6
2020-10-01,37.94
2020-10-02,37.88
2020-10-05,38.08
2020-10-06,37.62
2020-10-07,37.6
2020-10-08,37.74
2020-10-09,38.42
2020-10-12,38.32
2020-10-13,37.72
2020-10-14,37.8
2020-10-15,37.98
2020-10-16,37.86
2020-10-19,37.84
2020-10-20,38.04
2020-10-21,38.34
2020-10-22,37.96
2020-10-23,37.92
2020-10-26,37.9
2020-10-27,38.02
2020-10-28,37.38
2020-10-29,37.24
2020-10-30,37.42
2020-11-02,37.76
2020-11-03,37.98
2020-11-04,37.96
2020-11-05,38.84
2020-11-06,38.9
2020-11-09,37.18
2020-11-10,37.3
2020-11-11,37.14
2020-11-12,37.36
2020-11-13,37.58
2020-11-16,37.6
2020-11-17,37.48
2020-11-18,37.26
2020-11-19,37.2
2020-11-20,37.32
2020-11-23,36.56
2020-11-24,36
2020-11-25,35.98
2020-11-27,35.62
2020-11-30,35.4
2020-12-01,36.14
2020-12-02,36.42
2020-12-03,36.66
2020-12-04,36.58
2020-12-07,37.14
2020-12-08,37.26
2020-12-09,36.62
2020-12-10,36.58
2020-12-11,36.64
2020-12-14,36.42
2020-12-15,36.94
2020-12-16,37.12
2020-12-17,37.54
2020-12-18,37.48
2020-12-21,37.36
2020-12-22,37.08
2020-12-23,37.3
2020-12-24,37.46
2020-12-28,37.3
2020-12-29,37.44
2020-12-30,37.72
2020-12-31,37.88
2021-01-04,38.72
2021-01-05,38.82
2021-01-06,38.22
2021-01-07,38.12
2021-01-08,36.8
2021-01-11,36.76
2021-01-12,36.98
2021-01-13,36.82
2021-01-14,36.8
2021-01-15,36.34
2021-01-19,36.64
2021-01-20,37.24
2021-01-21,37.24
2021-01-22,36.92
2021-01-25,36.96
2021-01-26,36.88
2021-01-27,36.66
2021-01-28,36.68
2021-01-29,36.68
2021-02-01,37.02
2021-02-02,36.56
2021-02-03,36.5
2021-02-04,35.72
2021-02-05,36.04
2021-02-08,36.44
2021-02-09,36.54
2021-02-10,36.68
2021-02-11,36.36
2021-02-12,36.26
2021-02-16,35.72
2021-02-17,35.34
2021-02-18,35.34
2021-02-19,35.48
2021-02-22,36
2021-02-23,35.94
2021-02-24,35.9
2021-02-25,35.24
2021-02-26,34.38
2021-03-01,34.32
2021-03-02,34.5
2021-03-03,34.14
2021-03-04,33.8
2021-03-05,33.78
2021-03-08,33.46
2021-03-09,34.16
2021-03-10,34.36
2021-03-11,34.32
2021-03-12,34.32
2021-03-15,34.46
2021-03-16,34.48
2021-03-17,34.74
2021-03-18,34.54
2021-03-19,34.7
2021-03-22,34.64
2021-03-23,34.4
2021-03-24,34.5
2021-03-25,34.38
2021-03-26,34.48
2021-03-29,34.06
2021-03-30,33.48
2021-03-31,34
2021-04-01,34.42
2021-04-05,34.4
2021-04-06,34.68
2021-04-07,34.58
2021-04-08,34.96
2021-04-09,34.7
2021-04-12,34.48
2021-04-13,34.7
2021-04-14,34.58
2021-04-15,35.12
2021-04-16,35.32
2021-04-19,35.22
2021-04-20,35.38
2021-04-21,35.72
2021-04-22,35.5
2021-04-23,35.36
2021-04-26,35.46
2021-04-27,35.36
2021-04-28,35.44
2021-04-29,35.32
2021-04-30,35.2
2021-05-03,35.64
2021-05-04,35.4
2021-05-05,35.52
2021-05-06,36.12
2021-05-07,36.44
2021-05-10,36.56
2021-05-11,36.58
2021-05-12,36.2
2021-05-13,36.38
2021-05-14,36.7
2021-05-17,37.14
2021-05-18,37.18
2021-05-19,37.22
2021-05-20,37.4
2021-05-21,37.42
2021-05-24,37.46
2021-05-25,37.82
2021-05-26,37.76
2021-05-27,37.74
2021-05-28,37.86
2021-06-01,37.82
2021-06-02,37.98
2021-06-03,37.22
2021-06-04,37.64
2021-06-07,37.78
2021-06-08,37.66
2021-06-09,37.6
2021-06-10,37.78
2021-06-11,37.34
2021-06-14,37.14
2021-06-15,37
2021-06-16,36.38
2021-06-17,35.26
2021-06-18,35.06
2021-06-21,35.48
2021-06-22,35.34
2021-06-23,35.32
2021-06-24,35.28
2021-06-25,35.38
2021-06-28,35.38
2021-06-29,35.06
2021-06-30,35.22
2021-07-01,35.32
2021-07-02,35.56
2021-07-06,35.76
2021-07-07,35.88
2021-07-08,35.86
2021-07-09,35.98
2021-07-12,35.92
2021-07-13,35.98
2021-07-14,36.34
2021-07-15,36.38
2021-07-16,36.02
2021-07-19,36.04
2021-07-20,36.02
2021-07-21,35.88
2021-07-22,35.96
2021-07-23,35.82
2021-07-26,35.74
2021-07-27,35.8
2021-07-28,35.98
2021-07-29,36.4
2021-07-30,36.08
2021-08-02,36.08
2021-08-03,36.02
2021-08-04,36.06
2021-08-05,35.88
2021-08-06,35.02
2021-08-09,34.4
2021-08-10,34.4
2021-08-11,34.86
2021-08-12,34.9
2021-08-13,35.36
2021-08-16,35.54
2021-08-17,35.5
2021-08-18,35.52
2021-08-19,35.44
2021-08-20,35.46
2021-08-23,35.88
2021-08-24,35.84
2021-08-25,35.6
2021-08-26,35.64
2021-08-27,36.16
2021-08-30,36.02
2021-08-31,36.12
2021-09-01,36.08
2021-09-02,36
2021-09-03,36.38
2021-09-07,35.68
2021-09-08,35.56
2021-09-09,35.7
2021-09-10,35.54
2021-09-13,35.68
2021-09-14,35.88
2021-09-15,35.66
2021-09-16,34.88
2021-09-17,34.84
2021-09-20,35.08
2021-09-21,35.3
2021-09-22,35.16
2021-09-23,34.76
2021-09-24,34.72
2021-09-27,34.82
2021-09-28,34.46
2021-09-29,34.32
2021-09-30,34.92
2021-10-01,34.98
2021-10-04,35.18
2021-10-05,35
2021-10-06,35.06
2021-10-07,34.92
2021-10-08,34.94
2021-10-11,34.86
2021-10-12,35.02
2021-10-13,35.62
2021-10-14,35.74
2021-10-15,35.14
2021-10-18,35.06
2021-10-19,35.2
2021-10-20,35.5
2021-10-21,35.48
2021-10-22,35.68
2021-10-25,35.92
2021-10-26,35.66
2021-10-27,35.76
2021-10-28,35.76
2021-10-29,35.46
2021-11-01,35.64
2021-11-02,35.54
2021-11-03,35.24
2021-11-04,35.64
2021-11-05,36.14
2021-11-08,36.26
2021-11-09,36.44
2021-11-10,36.84
2021-11-11,37.04
2021-11-12,37.1
2021-11-15,37.06
2021-11-16,36.8
2021-11-17,37.1
2021-11-18,37
2021-11-19,36.74
2021-11-22,35.9
2021-11-23,35.6
2021-11-24,35.56
2021-11-26,35.5
2021-11-29,35.46
2021-11-30,35.22
2021-12-01,35.36
2021-12-02,35.14
2021-12-03,35.46
2021-12-06,35.38
2021-12-07,35.5
2021-12-08,35.5
2021-12-09,35.3
2021-12-10,35.42
2021-12-13,35.54
2021-12-14,35.2
2021-12-15,35.36
2021-12-16,35.76
2021-12-17,35.7
2021-12-20,35.56
2021-12-21,35.54
2021-12-22,35.9
2021-12-23,35.96
2021-12-27,36.02
2021-12-28,35.9
2021-12-29,35.88
2021-12-30,36.12
2021-12-31,36.36
2022-01-03,35.8
2022-01-04,36.08
2022-01-05,35.96
2022-01-06,35.54
2022-01-07,35.68
2022-01-10,35.8
2022-01-11,36.24
2022-01-12,36.32
2022-01-13,36.22
2022-01-14,36.12
2022-01-18,36.06
2022-01-19,36.64
2022-01-20,36.52
2022-01-21,36.42
2022-01-24,36.58
2022-01-25,36.74
2022-01-26,36.14
2022-01-27,35.68
2022-01-28,35.56
2022-01-31,35.76
2022-02-01,35.78
2022-02-02,35.94
2022-02-03,35.88
2022-02-04,35.94
2022-02-07,36.22
2022-02-08,36.3
2022-02-09,36.44
2022-02-10,36.32
2022-02-11,37
2022-02-14,37.18
2022-02-15,36.84
2022-02-16,37.22
2022-02-17,37.72
2022-02-18,37.68
2022-02-22,37.76
2022-02-23,37.95
2022-02-24,37.72
2022-02-25,37.57
2022-02-28,37.96
2022-03-01,38.67
2022-03-02,38.25
2022-03-03,38.48
2022-03-04,39.1
2022-03-07,39.68
2022-03-08,40.77
2022-03-09,39.56
2022-03-10,39.68
2022-03-11,39.39
2022-03-14,38.81
2022-03-15,38.08
2022-03-16,38.33
2022-03-17,38.5
2022-03-18,38.15
2022-03-21,38.46
2022-03-22,38.18
2022-03-23,38.69
2022-03-24,38.99
2022-03-25,38.84
2022-03-28,38.14
2022-03-29,38.14
2022-03-30,38.43
2022-03-31,38.47
2022-04-01,38.2
2022-04-04,38.41
2022-04-05,38.17
2022-04-06,38.25
2022-04-07,38.39
2022-04-08,38.64
2022-04-11,38.81
2022-04-12,39.12
2022-04-13,39.31
2022-04-14,39.18
2022-04-18,39.31
2022-04-19,38.71
2022-04-20,38.91
2022-04-21,38.77
2022-04-22,38.39
2022-04-25,37.71
2022-04-26,37.78
2022-04-27,37.48
2022-04-28,37.67
2022-04-29,37.67
2022-05-02,36.98
2022-05-03,37.07
2022-05-04,37.44
2022-05-05,37.3
2022-05-06,37.37
2022-05-09,36.83
2022-05-10,36.48
2022-05-11,36.82
2022-05-12,36.23
2022-05-13,35.96
2022-05-16,36.29
2022-05-17,36.06
2022-05-18,36.09
2022-05-19,36.61
2022-05-20,36.63
2022-05-23,36.82
2022-05-24,37.1
2022-05-25,36.86
2022-05-26,36.8
2022-05-27,36.83
2022-05-31,36.46
2022-06-01,36.7
2022-06-02,37.14
2022-06-03,36.75
2022-06-06,36.6
2022-06-07,36.83
2022-06-08,36.8
2022-06-09,36.68
2022-06-10,37.19
2022-06-13,36.2
2022-06-14,35.93
2022-06-15,36.38
2022-06-16,36.8
2022-06-17,36.5
2022-06-21,36.37
2022-06-22,36.51
2022-06-23,36.29
2022-06-24,36.22
2022-06-27,36.19
2022-06-28,36.15
2022-06-29,36.12
2022-06-30,35.88
2022-07-01,35.87
2022-07-05,35.11
2022-07-06,34.55
2022-07-07,34.58
2022-07-08,34.59
2022-07-11,34.4
2022-07-12,34.27
2022-07-13,34.44
2022-07-14,33.95
2022-07-15,33.88
2022-07-18,33.92
2022-07-19,34.01
2022-07-20,33.69
2022-07-21,34.16
2022-07-22,34.25
2022-07-25,34.15
2022-07-26,34.13
2022-07-27,34.46
2022-07-28,34.87
2022-07-29,34.99
2022-08-01,35.17
2022-08-02,34.97
2022-08-03,35.07
2022-08-04,35.63
2022-08-05,35.22
2022-08-08,35.53
2022-08-09,35.62
2022-08-10,35.56
2022-08-11,35.47
2022-08-12,35.78
2022-08-15,35.34
2022-08-16,35.27
2022-08-17,35.04
2022-08-18,34.96
2022-08-19,34.69
2022-08-22,34.46
2022-08-23,34.71
2022-08-24,34.8
2022-08-25,34.9
2022-08-26,34.5
2022-08-29,34.52
2022-08-30,34.23
2022-08-31,33.97
2022-09-01,33.66
2022-09-02,33.96
2022-09-06,33.77
2022-09-07,34.09
2022-09-08,33.9
2022-09-09,34.07
2022-09-12,34.25
2022-09-13,33.81
2022-09-14,33.68
2022-09-15,33.05
2022-09-16,33.23
2022-09-19,33.26
2022-09-20,33.07
2022-09-21,33.22
2022-09-22,33.2
2022-09-23,32.62
2022-09-26,32.24
2022-09-27,32.32
2022-09-28,32.97
2022-09-29,32.99
2022-09-30,32.98
2022-10-03,33.77
2022-10-04,34.26
2022-10-05,34.07
2022-10-06,34.05
2022-10-07,33.66
2022-10-10,33.15
2022-10-11,33.08
2022-10-12,33.27
2022-10-13,33.03
2022-10-14,32.63
2022-10-17,32.73
2022-10-18,32.8
2022-10-19,32.36
2022-10-20,32.3
2022-10-21,32.87
2022-10-24,32.78
2022-10-25,32.85
2022-10-26,33.06
2022-10-27,33.01
2022-10-28,32.67
2022-10-31,32.41
2022-11-01,32.72
2022-11-02,32.49
2022-11-03,32.39
2022-11-04,33.38
2022-11-07,33.25
2022-11-08,34.01
2022-11-09,33.85
2022-11-10,34.87
2022-11-11,35.09
2022-11-14,35.18
2022-11-15,35.31
2022-11-16,35.23
2022-11-17,34.98
2022-11-18,34.73
2022-11-21,34.53
2022-11-22,34.56
2022-11-23,34.77
2022-11-25,34.82
2022-11-28,34.55
2022-11-29,34.73
2022-11-30,35.14
2022-12-01,35.81
2022-12-02,35.69
2022-12-05,35.08
2022-12-06,35.18
2022-12-07,35.49
2022-12-08,35.52
2022-12-09,35.64
2022-12-12,35.35
2022-12-13,35.94
2022-12-14,35.86
2022-12-15,35.29
2022-12-16,35.59
2022-12-19,35.49
2022-12-20,36.09
2022-12-21,36.01
2022-12-22,35.58
2022-12-23,35.68
2022-12-27,35.99
2022-12-28,35.83
2022-12-29,36.02
2022-12-30,36.19
2023-01-03,36.5
2023-01-04,36.85
2023-01-05,36.4
2023-01-06,37.07
2023-01-09,37.16
2023-01-10,37.28
2023-01-11,37.26
2023-01-12,37.7
2023-01-13,38.14
2023-01-17,37.91
2023-01-18,37.78
2023-01-19,38.4
2023-01-20,38.27
2023-01-23,38.33
2023-01-24,38.48
2023-01-25,38.66
2023-01-26,38.31
2023-01-27,38.26
2023-01-30,38.16
2023-01-31,38.28
2023-02-01,38.79
2023-02-02,37.96
2023-02-03,37.03
2023-02-06,37.1
2023-02-07,37.14
2023-02-08,37.23
2023-02-09,36.93
2023-02-10,37.01
2023-02-13,36.82
2023-02-14,36.85
2023-02-15,36.48
2023-02-16,36.46
2023-02-17,36.56
2023-02-21,36.43
2023-02-22,36.22
2023-02-23,36.21
2023-02-24,35.95
2023-02-27,36.08
2023-02-28,36.24
2023-03-01,36.48
2023-03-02,36.45
2023-03-03,36.83
2023-03-06,36.66
2023-03-07,36.01
2023-03-08,35.99
2023-03-09,36.34
2023-03-10,37.13
2023-03-13,37.97
2023-03-14,37.77
2023-03-15,38.04
2023-03-16,38.12
2023-03-17,39.24
2023-03-20,39.25
2023-03-21,38.5
2023-03-22,39.17
2023-03-23,39.66
2023-03-24,39.21
2023-03-27,38.85
2023-03-28,39.16
2023-03-29,38.96
2023-03-30,39.32
2023-03-31,39.11
2023-04-03,39.41
2023-04-04,40.14
2023-04-05,40.1
2023-04-06,39.83
2023-04-10,39.53
2023-04-11,39.78
2023-04-12,39.98
2023-04-13,40.5
2023-04-14,39.79
2023-04-17,39.63
2023-04-18,39.79
2023-04-19,39.59
2023-04-20,39.76
2023-04-21,39.35
2023-04-24,39.48
2023-04-25,39.68
2023-04-26,39.46
2023-04-27,39.45
2023-04-28,39.49
2023-05-01,39.3
2023-05-02,40.07
2023-05-03,40.39
2023-05-04,40.67
2023-05-05,40.05
2023-05-08,40.1
2023-05-09,40.38
2023-05-10,40.31
2023-05-11,39.98
2023-05-12,39.9
2023-05-15,39.99
2023-05-16,39.49
2023-05-17,39.36
2023-05-18,38.85
2023-05-19,39.23
2023-05-22,39.15
2023-05-23,39.19
2023-05-24,38.88
2023-05-25,38.51
2023-05-26,38.66
2023-05-30,38.91
2023-05-31,38.95
2023-06-01,39.25
2023-06-02,38.68
2023-06-05,38.91
2023-06-06,38.96
2023-06-07,38.5
2023-06-08,39
2023-06-09,38.9
2023-06-12,38.86
2023-06-13,38.57
2023-06-14,38.6
2023-06-15,38.87
2023-06-16,38.8
2023-06-20,38.42
2023-06-21,38.37
2023-06-22,37.98
2023-06-23,38.08
2023-06-26,38.16
2023-06-27,37.97
2023-06-28,37.88
2023-06-29,37.86
2023-06-30,38.09
2023-07-03,38.15
2023-07-05,38.01
2023-07-06,37.91
2023-07-07,38.19
2023-07-10,38.22
2023-07-11,38.34
2023-07-12,38.87
2023-07-13,38.89
2023-07-14,38.77
2023-07-17,38.8
2023-07-18,39.25
2023-07-19,39.25
2023-07-20,39.06
2023-07-21,38.95
2023-07-24,38.78
2023-07-25,38.97
2023-07-26,39.19
2023-07-27,38.58
2023-07-28,38.88
2023-07-31,38.98
2023-08-01,38.58
2023-08-02,38.4
2023-08-03,38.38
2023-08-04,38.51
2023-08-07,38.42
2023-08-08,38.19
2023-08-09,38.005
2023-08-10,37.97
2023-08-11,37.97
2023-08-14,37.86
2023-08-15,37.75
2023-08-16,37.55
2023-08-17,37.48
2023-08-18,37.49
2023-08-21,37.58
2023-08-22,37.64
2023-08-23,38.03
2023-08-24,38.02
2023-08-25,37.97
2023-08-28,38.09
2023-08-29,38.46
2023-08-30,38.56
2023-08-31,38.48
2023-09-01,38.51
2023-09-05,38.2
2023-09-06,38.02
2023-09-07,38.06
2023-09-08,38.07
2023-09-11,38.14
2023-09-12,37.95
2023-09-13,37.86
2023-09-14,37.88
2023-09-15,38.13
2023-09-18,38.36
2023-09-19,38.32
2023-09-20,38.355
2023-09-21,38.08
2023-09-22,38.21
2023-09-25,38.01
2023-09-26,37.69
2023-09-27,37.24
2023-09-28,37.05
2023-09-29,36.66
2023-10-02,36.28
2023-10-03,36.17
2023-10-04,36.18
2023-10-05,36.11
2023-10-06,36.3
2023-10-09,36.97
2023-10-10,36.91
2023-10-11,37.16
2023-10-12,37.06
2023-10-13,38.26
2023-10-16,38.06
2023-10-17,38.14
2023-10-18,38.68
2023-10-19,39.17
2023-10-20,39.26
2023-10-23,39.14
2023-10-24,39.12
2023-10-25,39.29
2023-10-26,39.36
2023-10-27,39.81
2023-10-30,39.58
2023-10-31,39.37
2023-11-01,39.24
2023-11-02,39.39
2023-11-03,39.52
2023-11-06,39.22
2023-11-07,39.05
2023-11-08,38.67
2023-11-09,38.83
2023-11-10,38.4
2023-11-13,38.61
2023-11-14,38.96
2023-11-15,38.87
2023-11-16,39.3
2023-11-17,39.3
2023-11-20,39.22
2023-11-21,39.65
2023-11-22,39.48
2023-11-24,39.7
2023-11-27,39.97
2023-11-28,40.48
2023-11-29,40.56
2023-11-30,40.38
2023-12-01,41.07
2023-12-04,40.19
2023-12-05,40.05
2023-12-06,40.21
2023-12-07,40.25
2023-12-08,39.73
2023-12-11,39.29
2023-12-12,39.27
2023-12-13,40.14
2023-12-14,40.4
2023-12-15,40.02
2023-12-18,40.2
2023-12-19,40.48
2023-12-20,40.26
2023-12-21,40.55
2023-12-22,40.71
2023-12-26,41.03
2023-12-27,41.23
2023-12-28,40.99
2023-12-29,40.91
2024-01-02,40.81
2024-01-03,40.47
2024-01-04,40.52
2024-01-05,40.52
2024-01-08,40.2
2024-01-09,40.23
2024-01-10,40.12
2024-01-11,40.21
2024-01-12,40.61
2024-01-16,40.22
2024-01-17,39.79
2024-01-18,40.1
2024-01-19,40.23
2024-01-22,40.08
2024-01-23,40.22
2024-01-24,39.9
2024-01-25,40.07
2024-01-26,40.04
2024-01-29,40.32
2024-01-30,40.37
2024-01-31,40.34
2024-02-01,40.75
2024-02-02,40.37
2024-02-05,40.16
2024-02-06,40.38
2024-02-07,40.34
2024-02-08,40.32
2024-02-09,40.15
2024-02-12,40.06
2024-02-13,39.51
2024-02-14,39.49
2024-02-15,39.75
2024-02-16,39.9
2024-02-20,40.15
2024-02-21,40.15
2024-02-22,40.14
2024-02-23,40.38
2024-02-26,40.31
2024-02-27,40.25
2024-02-28,40.34
2024-02-29,40.54
2024-03-01,41.3
2024-03-04,41.96
2024-03-05,42.22
2024-03-06,42.56
2024-03-07,42.82
2024-03-08,43.18
2024-03-11,43.26
2024-03-12,42.79
2024-03-13,43.07
2024-03-14,42.9
2024-03-15,42.77
2024-03-18,42.84
2024-03-19,42.79
2024-03-20,43.28
2024-03-21,43.26
2024-03-22,42.91
2024-03-25,43.04
2024-03-26,43.18
2024-03-27,43.5
2024-03-28,44.05
2024-04-01,44.52
2024-04-02,45.16
2024-04-03,45.57
2024-04-04,45.31
2024-04-05,46.06
2024-04-08,46.37
2024-04-09,46.61
2024-04-10,46.18
2024-04-11,47.06
2024-04-12,46.45
2024-04-15,47.31
2024-04-16,47.39
2024-04-17,47.05
2024-04-18,47.19
2024-04-19,47.35
2024-04-22,46.17
2024-04-23,46.04
2024-04-24,45.99
2024-04-25,46.25
2024-04-26,46.38
2024-04-29,46.3
2024-04-30,45.4
2024-05-01,45.8
2024-05-02,45.66
2024-05-03,45.62
2024-05-06,46.09
2024-05-07,45.89
2024-05-08,45.77
2024-05-09,46.47
2024-05-10,46.86
2024-05-13,46.35
2024-05-14,46.72
2024-05-15,47.32
2024-05-16,47.16
2024-05-17,47.92
2024-05-20,48.11
2024-05-21,48.04
2024-05-22,47.16
2024-05-23,46.22
2024-05-24,46.28
2024-05-28,46.74
2024-05-29,46.31
2024-05-30,46.41
2024-05-31,46.13
2024-06-03,46.53
2024-06-04,46.12
2024-06-05,46.67
2024-06-06,47.02
2024-06-07,45.36
2024-06-10,45.77
2024-06-11,45.89
2024-06-12,46.02
2024-06-13,45.64
2024-06-14,46.24
2024-06-17,45.98
2024-06-18,46.18
2024-06-20,46.75
2024-06-21,46.02
2024-06-24,46.22
2024-06-25,45.98
2024-06-26,45.58
2024-06-27,46.08
2024-06-28,46.09
2024-07-01,46.21
2024-07-02,46.2
2024-07-03,46.73
2024-07-05,47.34
2024-07-08,46.77
2024-07-09,46.85
2024-07-10,47.01
2024-07-11,47.85
2024-07-12,47.83
2024-07-15,47.98
2024-07-16,48.94
2024-07-17,48.71
2024-07-18,48.41
2024-07-19,47.55
2024-07-22,47.55
2024-07-23,47.71
2024-07-24,47.54
2024-07-25,46.81
2024-07-26,47.3
2024-07-29,47.24
2024-07-30,47.71
2024-07-31,48.57
2024-08-01,48.4
2024-08-02,48.32
2024-08-05,47.72
2024-08-06,47.33
2024-08-07,47.29
2024-08-08,48.03
2024-08-09,48.15
2024-08-12,48.96
2024-08-13,48.9
2024-08-14,48.49
2024-08-15,48.65
2024-08-16,49.71
2024-08-19,49.66
2024-08-20,49.84
2024-08-21,49.78
2024-08-22,49.2
2024-08-23,49.76
2024-08-26,49.9
2024-08-27,50.04
2024-08-28,49.7
2024-08-29,49.95
2024-08-30,49.59
2024-09-03,49.38
2024-09-04,49.42
2024-09-05,49.83
2024-09-06,49.47
2024-09-09,49.65
2024-09-10,49.88
2024-09-11,49.8
2024-09-12,50.69
2024-09-13,51.19
2024-09-16,51.18
2024-09-17,50.9
2024-09-18,50.52
2024-09-19,51.29
2024-09-20,51.94
2024-09-23,52.05
2024-09-24,52.77
2024-09-25,52.71
2024-09-26,52.97
2024-09-27,52.56
2024-09-30,52.13
2024-10-01,52.69
2024-10-02,52.68
2024-10-03,52.65
2024-10-04,52.54
2024-10-07,52.38
2024-10-08,51.98
2024-10-09,51.7
2024-10-10,52.09
2024-10-11,52.63
2024-10-14,52.57
2024-10-15,52.76
2024-10-16,53.01
2024-10-17,53.34
2024-10-18,53.9
2024-10-21,53.9
2024-10-22,54.47
2024-10-23,53.82
2024-10-24,54.21
2024-10-25,54.35
2024-10-28,54.35
2024-10-29,54.94
2024-10-30,55.23
2024-10-31,54.39
2024-11-01,54.17
2024-11-04,54.24
2024-11-05,54.36
2024-11-06,52.71
2024-11-07,53.57
2024-11-08,53.21
2024-11-11,51.96
2024-11-12,51.52
2024-11-13,51
2024-11-14,50.85
2024-11-15,50.76
2024-11-18,51.72
2024-11-19,52.18
2024-11-20,52.49
2024-11-21,52.93
2024-11-22,53.62
2024-11-25,52.04
2024-11-26,52.14
2024-11-27,52.24
2024-11-29,52.7
2024-12-02,52.25
2024-12-03,52.34
2024-12-04,52.5
2024-12-05,52.13
2024-12-06,52.15
2024-12-09,52.66
2024-12-10,53.34
2024-12-11,53.85
2024-12-12,53.1
2024-12-13,52.46
2024-12-16,52.56
2024-12-17,52.37
2024-12-18,51.37
2024-12-19,51.44
2024-12-20,51.98
2024-12-23,51.73
2024-12-24,51.84
2024-12-26,52.19
2024-12-27,51.81
2024-12-30,51.65
2024-12-31,51.99
2025-01-02,52.69
2025-01-03,52.28
2025-01-06,52.19
2025-01-07,52.5
2025-01-08,52.78
2025-01-10,53.7
2025-01-13,52.73
2025-01-14,53.03
2025-01-15,53.43
2025-01-16,53.79
2025-01-17,53.53
2025-01-21,54.34
2025-01-22,54.62
2025-01-23,54.55
2025-01-24,54.91
2025-01-27,54.32
2025-01-28,54.77
2025-01-29,54.58
2025-01-30,55.39
2025-01-31,55.48
2025-02-03,55.81
2025-02-04,56.36
2025-02-05,56.73
2025-02-06,56.57
2025-02-07,56.69
2025-02-10,57.61
2025-02-11,57.41
2025-02-12,57.48
2025-02-13,58.03
2025-02-14,57.17
2025-02-18,58.12
2025-02-19,58.16
2025-02-20,58.19
2025-02-21,58.14
2025-02-24,58.46
2025-02-25,57.69
2025-02-26,57.78
2025-02-27,56.91
2025-02-28,56.54
2025-03-03,57.27
2025-03-04,57.79
2025-03-05,57.9
2025-03-06,57.62
2025-03-07,57.65
2025-03-10,57.17
2025-03-11,57.82
2025-03-12,58.07
2025-03-13,59.08
2025-03-14,59.12
2025-03-17,59.44
2025-03-18,60.17
2025-03-19,60.4
2025-03-20,60.31
2025-03-21,59.83
2025-03-24,59.55
2025-03-25,59.83
2025-03-26,59.78
2025-03-27,60.56
2025-03-28,61.03
2025-03-31,61.89
2025-04-01,61.79
2025-04-02,61.87
2025-04-03,61.54
2025-04-04,60.15
2025-04-07,58.96
2025-04-08,59.11
2025-04-09,61.26
2025-04-10,62.8
2025-04-11,64.01
2025-04-14,63.63
2025-04-15,64
2025-04-16,66.08
2025-04-17,65.78
2025-04-21,67.82
2025-04-22,66.85
2025-04-23,65.26
2025-04-24,66.19
2025-04-25,65.44
2025-04-28,66.38
2025-04-29,65.77
2025-04-30,65.26
2025-05-01,63.92
2025-05-02,64.05
2025-05-05,65.92
2025-05-06,67.81
2025-05-07,66.8
2025-05-08,65.48
2025-05-09,65.93
2025-05-12,64.07
2025-05-13,64.34
2025-05-14,63
2025-05-15,64
2025-05-16,63.24
2025-05-19,64.02
2025-05-20,65.24
2025-05-21,65.72
2025-05-22,65.15
2025-05-23,66.57
2025-05-27,65.45
2025-05-28,65.31
2025-05-29,65.67
2025-05-30,65.24
2025-06-02,66.98
2025-06-03,66.4
2025-06-04,66.82
2025-06-05,66.48
2025-06-06,65.59
2025-06-09,65.9
2025-06-10,65.93
2025-06-11,66.27
2025-06-12,67.1
2025-06-13,67.97
2025-06-16,67.02
2025-06-17,67.05
2025-06-18,66.69
2025-06-20,66.66
2025-06-23,66.86
2025-06-24,65.82
2025-06-25,66.03
2025-06-26,65.96
2025-06-27,64.77
2025-06-30,65.52
2025-07-01,66.09
2025-07-02,66.47
2025-07-03,66.04
2025-07-07,66.09
2025-07-08,65.4
2025-07-09,65.65
2025-07-10,65.83
2025-07-11,66.48
2025-07-14,66.23
2025-07-15,65.95
2025-07-16,66.28
2025-07-17,66.11
2025-07-18,66.31
2025-07-21,67.31
2025-07-22,67.96
2025-07-23,67.13
2025-07-24,66.72
2025-07-25,66.09
2025-07-28,65.69
2025-07-29,65.85
2025-07-30,64.73
2025-07-31,65.15
2025-08-01,66.46
2025-08-04,66.85
2025-08-05,66.91
2025-08-06,66.77
2025-08-07,67.3
2025-08-08,67.3
2025-08-11,66.37
2025-08-12,66.27
2025-08-13,66.49
2025-08-14,66.08
2025-08-15,66.13
2025-08-18,66.01
2025-08-19,65.65
2025-08-20,66.32
2025-08-21,66.1
2025-08-22,66.79
2025-08-25,66.64
2025-08-26,67.12
2025-08-27,67.25
2025-08-28,67.74
2025-08-29,68.4
2025-09-02,70.05
2025-09-03,70.58
2025-09-04,70.27
2025-09-05,71.18
2025-09-08,72.01
2025-09-09,71.87
2025-09-10,72.12
2025-09-11,72
2025-09-12,72.16
2025-09-15,72.89
2025-09-16,73.07
2025-09-17,72.49
2025-09-18,72.2
2025-09-19,72.95
2025-09-22,74.21
2025-09-23,74.54
2025-09-24,73.85
2025-09-25,74.17
2025-09-26,74.59
2025-09-29,75.82
2025-09-30,76.45
2025-10-01,76.56
2025-10-02,76.32
2025-10-03,76.92
2025-10-06,78.39
2025-10-07,78.82
2025-10-08,80.09
2025-10-09,78.62
2025-10-10,79.44
2025-10-13,81.36
2025-10-14,81.98
2025-10-15,83.37
2025-10-16,85.28
2025-10-17,83.7
2025-10-20,86.69
2025-10-21,81.32
2025-10-22,81.2
2025-10-23,81.49
2025-10-24,81.23
2025-10-27,78.97
2025-10-28,78.39
2025-10-29,78.09
2025-10-30,79.63
2025-10-31,79.19
2025-11-03,79.37
2025-11-04,77.96
2025-11-05,78.87
2025-11-06,78.79
2025-11-07,79.26
2025-11-10,81.42
2025-11-11,81.75
2025-11-12,83.05
2025-11-13,82.42
2025-11-14,80.9
2025-11-17,79.99
2025-11-18,80.57
2025-11-19,80.7
2025-11-20,80.69
2025-11-21,80.53
2025-11-24,81.81
2025-11-25,81.79
2025-11-26,82.43
2025-11-28,83.46
2025-12-01,83.86
2025-12-02,83.32
2025-12-03,83.27
2025-12-04,83.33
2025-12-05,83.19
2025-12-08,82.98
2025-12-09,83.37
2025-12-10,83.73
2025-12-11,84.63
2025-12-12,85.1
2025-12-15,85.21
2025-12-16,85.22
2025-12-17,85.92
2025-12-18,85.78
2025-12-19,85.9
2025-12-22,87.87
2025-12-23,89.01
2025-12-24,88.7
2025-12-26,89.71
2025-12-29,85.8
2025-12-30,85.9
2025-12-31,85.37
2026-01-02,85.74
2026-01-05,88
2026-01-06,88.96
2026-01-07,88.11
2026-01-08,88.58
2026-01-09,89.23
2026-01-12,90.9
2026-01-13,90.77
2026-01-14,91.71
2026-01-15,91.13
2026-01-16,90.71
2026-01-20,94.14
2026-01-21,95.54
2026-01-22,97.32
2026-01-23,98.61
2026-01-26,100.06
2026-01-27,102.51
2026-01-28,106.44
2026-01-29,106.77
2026-01-30,96.01
2026-02-02,91.99
2026-02-03,97.87
2026-02-04,97.72
2026-02-05,95.21
2026-02-06,98.06
2026-02-09,100.58
2026-02-10,99.58
2026-02-11,100.67
2026-02-12,97.25
2026-02-13,99.61
